,Frequency_가구인테리어/잡화_고가,Frequency_가구인테리어/잡화_저가,Frequency_가구인테리어/잡화_중가,Frequency_가전/레저취미/멀티샵_고가,Frequency_가전/레저취미/멀티샵_저가,Frequency_가전/레저취미/멀티샵_중가,Frequency_교육문화/아동_고가,Frequency_교육문화/아동_저가,Frequency_교육문화/아동_중가,Frequency_식품/생활_고가,Frequency_식품/생활_저가,Frequency_식품/생활_중가,Frequency_의류/이미용_고가,Frequency_의류/이미용_저가,Frequency_의류/이미용_중가,Frequency_침구/주방_고가,Frequency_침구/주방_저가,Frequency_침구/주방_중가
1,1.1731858021666939,1.0495059385416958,1.1471523561723043,1.2937620407892114,1.0748621143239563,1.1736654112252836,1.2122037914691943,0.8298475152226036,1.0726512558920385,1.0304577031715199,1.046162069799939,1.032288526361214,1.0337995068131562,1.067023423608848,1.1418616234227725,1.154188087047273,0.9713670194142959,1.0735926505082096
2,0.9094083639279233,0.9907529220435796,0.8552461419087852,0.805317785221023,0.9914429851635838,0.8310373065105224,1.0929387885909625,1.0716314347448377,0.9500909361273792,1.027772607676754,0.9692904818915166,0.9791661120733605,0.9442071204254915,0.9784371805289784,0.8700028406190775,0.9207523897625655,0.9430364132758792,0.9751269396016049
3,1.0539565706460605,1.0193042774456393,1.0171750833119713,1.0921377299237327,0.963588969112688,1.032396154053908,1.0083776857875024,1.078236362006365,1.0179138224733146,0.9930118850404341,0.9682715413321011,0.9634896052352514,1.0386333236405931,0.9792945670539097,1.0310136336380564,1.0547137155169368,0.8649123600929194,1.0026469514421321
4,0.9097538838230328,0.946274325331178,1.024687532279723,0.9348598310291859,0.9772970477769152,1.0245559645486384,0.7883948524312244,1.070248715267736,0.9682432826251675,0.9527962886953704,1.0207471469246325,1.028692818476715,0.989314321800113,0.9807457855130953,0.9951275295216628,0.9095893749238456,1.3263794645611005,0.9563150746944318
